total_images;last_price;total_area;rooms;ceiling_height;floors_total;living_area;floor;kitchen_area;balcony;airports_nearest;cityCenters_nearest;parks_around3000;parks_nearest;ponds_around3000;ponds_nearest;days_exposition;year_publication;month_publication;day_of_week_publication;price_meter
10;95000;111;3;;16;65.3;7;14;1;18750;22175;0;;1;649;98;2017;5;4;855.8558559
10;232857;98.4;0;3.1;5;60.5;2;;0;26972;5819;0;;1;674;537;2017;11;2;2366.432927
19;55714;64;2;2.8;5;33;1;10;0;21851;25274;0;;1;591;45;2017;9;5;870.53125
5;91429;52.2;2;3;5;32.8;4;7.9;0;31633;4725;1;549;3;174;68;2016;6;3;1751.51341
19;70000;42;1;27.5;24;37.7;19;11;2;42742;9760;0;;0;;61;2017;4;1;1666.666667
1;107143;98;4;3;6;51.7;5;12;0;21633;5408;1;493;3;485;;2018;2;3;1093.295918
10;53571;43;1;2.5;9;;3;;0;48185;16165;0;;0;;117;2017;11;4;1245.837209
11;108571;45.1;1;;22;16.3;16;13.6;0;35742;15032;0;;0;;;2019;4;2;2407.339246
11;155714;87;3;;24;47;12;26;0;35847;15853;0;;0;;100;2018;1;6;1789.816092
9;53071;35.2;1;;25;15.6;13;9.7;2;43250;11020;0;;0;;192;2017;2;1;1507.698864
7;97857;66;3;2.7;12;42;12;11;1;34401;11982;0;;0;;151;2017;8;2;1482.681818
20;171414;104.1;4;;6;68.9;4;12.1;0;25869;4663;0;;0;;192;2018;7;3;1646.628242
10;192857;96.9;3;3.2;7;67.3;3;14.8;0;21982;387;3;138;2;657;14;2018;8;0;1990.268318
20;250000;131.8;3;2.6;12;81.6;7;17.7;0;29503;6040;1;137;1;802;30;2019;3;2;1896.813354
20;785714;288;5;3.5;6;100.7;2;62;0;26228;4930;2;175;1;682;338;2017;11;1;2728.173611
15;80714;56.6;3;2.5;9;37.5;7;8.1;1;15247;13787;1;646;0;;84;2018;1;0;1426.042403
13;127143;75;3;;4;49.8;2;8.1;0;23896;4196;1;418;0;;60;2018;8;1;1695.24
10;91429;59;2;3;5;33.5;4;8.1;0;31504;6124;1;197;1;630;68;2018;2;3;1549.644068
14;90000;57.4;2;3;5;36;4;8;1;36700;8881;2;315;0;;60;2018;12;0;1567.944251
11;571429;153;3;3.3;10;45.2;7;63;2;;;;;;;455;2017;9;5;3734.830065
6;54286;39;1;;17;30;1;;0;36721;13635;0;;0;;45;2016;5;3;1391.948718
7;192857;107.9;3;2.8;17;57.2;9;19.7;2;10318;9874;1;652;0;;106;2018;7;2;1787.367933
8;128571;69.8;2;2.5;28;32.3;12;13;0;15916;8180;1;489;2;830;146;2018;9;3;1841.991404
15;104286;54.4;2;2.8;24;30.2;14;8.8;1;37781;14657;0;;0;;;2019;4;1;1917.022059
6;202857;126.3;5;3;3;89.5;3;13.1;0;24397;3191;2;391;1;523;132;2017;9;3;1606.152019
1;64286;49.5;4;2.6;5;37.7;2;5.4;0;11085;13025;0;;0;;;2019;4;5;1298.707071
11;72714;50.2;2;2.6;9;30.5;5;9.5;0;15511;14051;0;;0;;429;2017;8;0;1448.486056
11;39714;32;1;2.6;12;17;1;7;0;31932;12139;0;;0;;106;2017;11;1;1241.0625
9;108571;61;1;3.6;5;20;3;15;0;24147;3714;0;;3;541;450;2017;9;2;1779.852459
5;357143;363;14;3.2;5;222;4;16.6;0;38076;7950;0;;2;435;418;2017;12;5;983.8650138
17;87286;43;1;2.6;16;20.8;9;10.7;0;29544;6916;0;;3;198;;2019;3;4;2029.906977
17;52571;44.7;2;2.6;5;28.7;2;6.1;1;11448;10062;0;;0;;17;2018;2;3;1176.085011
16;62857;49.1;4;;5;36.9;1;5.8;0;13733;10589;0;;0;;;2019;4;2;1280.183299
19;250000;160;6;3.2;5;112.7;3;15.4;1;19620;3510;2;190;1;564;158;2018;8;4;1562.5
8;91429;71;3;2.5;10;48;8;8;1;32956;14120;0;;1;874;;2018;6;4;1287.732394
17;74286;58.1;3;2.5;9;39.4;9;6.3;0;49687;15393;0;;0;;;2018;4;2;1278.58864
9;77143;52;2;;12;30;2;8;0;15795;16379;1;203;0;;193;2017;10;3;1483.519231
19;52714;39;1;;16;17.5;12;9;0;31828;12832;0;;0;;86;2017;9;3;1351.641026
10;52857;41.7;2;2.5;5;26.5;5;5;0;45176;11958;1;410;1;614;6;2018;11;6;1267.553957
12;199857;75;2;2.8;22;34.8;9;13.4;2;39106;10330;2;386;3;94;25;2018;9;3;2664.76
20;78571;43;2;2.5;5;30;1;7;0;35675;10849;0;;1;605;;2019;1;4;1827.232558
19;162857;114.1;3;3.4;6;64.5;5;;1;19290;3386;2;689;1;708;90;2019;1;2;1427.318142
13;117143;80;3;2.7;12;47;8;15;0;36274;13188;2;320;2;488;17;2019;3;1;1464.2875
9;251429;151;3;3.1;13;92.3;6;12.4;2;37434;8460;1;441;2;427;380;2017;7;4;1665.092715
12;67857;33.6;1;2.8;15;16.9;10;8.4;0;27573;9436;1;714;0;;1015;2016;6;1;2019.553571
0;127143;82.1;2;;4;58;3;10;1;22948;2447;1;589;2;646;63;2017;7;0;1548.63581
14;56429;47.8;2;;9;28.4;9;7.1;1;31838;13098;0;;0;;219;2017;9;5;1180.523013
7;32143;19;0;3;6;;2;;0;12430;7316;1;238;3;374;44;2019;3;1;1691.736842
2;94286;75;3;3.2;5;55.5;1;6;0;40371;9455;2;195;0;;64;2018;2;0;1257.146667
10;107143;43;1;;14;18;7;12;1;27370;6072;1;763;3;587;50;2016;5;3;2491.697674
7;120714;75.2;2;2.8;17;39.1;11;12.2;1;10275;13875;0;;0;;71;2018;9;1;1605.239362
12;47143;29.6;1;;16;23;15;;0;10031;13330;1;915;0;;;2018;2;3;1592.668919
11;120000;77;3;2.7;10;50;1;11;2;11494;15859;0;;1;637;30;2018;8;4;1558.441558
15;65000;37.8;1;2.7;12;20.1;11;10.1;2;26766;10939;1;524;1;913;9;2019;1;1;1719.57672
1;86446;47;1;3.1;16;19;12;13.6;0;37407;8434;1;456;2;454;574;2014;12;1;1839.276596
17;82857;43;2;;17;20.8;10;12;0;29244;7947;3;325;1;713;91;2017;10;2;1926.906977
14;75000;36;1;2.5;10;15.4;7;11.5;2;29791;12652;0;;1;815;;2019;3;3;2083.333333
20;79286;53.7;2;2.5;9;33.1;2;8;0;17944;11212;0;;0;;96;2019;1;3;1476.461825
10;54286;35.2;1;2.5;12;21.2;3;6.6;0;24102;11672;0;;0;;42;2019;1;2;1542.215909
8;56429;41;1;;17;21;13;8.5;0;39160;14908;0;;0;;418;2015;12;4;1376.317073
12;77143;61.7;3;;9;42;4;7;2;14263;12804;0;;1;83;84;2017;4;4;1250.291734
11;50000;31;1;2.6;5;18;4;6;1;15255;8137;1;614;0;;311;2018;3;2;1612.903226
6;118571;68;2;;15;33.2;7;15;0;35596;14887;0;;0;;117;2017;11;2;1743.691176
9;104286;80;3;3;4;47;3;8.5;0;22097;6370;1;437;2;675;19;2017;7;2;1303.575
13;71429;42.3;1;2.7;12;19;1;14;5;42781;9148;0;;0;;61;2018;8;3;1688.628842
3;46571;37.2;1;;24;15.4;24;10.9;0;22089;17417;0;;1;136;81;2018;8;4;1252.919021
6;85000;80;3;2.8;25;43;18;13.4;1;16346;15142;0;;0;;121;2016;5;3;1062.5
9;75000;60.3;3;2.8;9;43.4;5;6.3;0;52092;16317;0;;1;766;;2018;8;4;1243.781095
10;45000;29;1;;9;;3;;0;13653;14434;0;;0;;45;2018;6;5;1551.724138
0;50000;53;2;;3;31;2;8;1;19818;23243;0;;1;467;75;2017;11;5;943.3962264
9;70714;51;2;2.5;9;28;5;8.1;0;39650;12553;0;;0;;;2018;12;2;1386.54902
12;67843;56;2;2.8;16;28;12;10;2;18867;22291;0;;1;733;478;2017;12;0;1211.482143
4;38571;31;1;2.5;9;15.5;2;8.1;0;42270;9229;0;;0;;1092;2015;3;1;1244.225806
0;62857;60;3;2.5;9;;8;;0;49585;15929;0;;0;;45;2018;1;4;1047.616667
9;70714;52;1;2.6;9;19.3;7;16.2;1;41832;10003;0;;0;;60;2017;11;4;1359.884615
12;60714;37;1;2.7;16;15;3;10;0;41935;9551;0;;0;;206;2017;9;3;1640.918919
14;268243;181.5;6;3.6;6;125.1;4;16.9;0;24376;4639;0;;1;397;204;2018;7;2;1477.922865
10;85000;40;1;;10;17;3;14;0;18904;4497;0;;1;980;91;2016;4;2;2125
4;74714;48.1;1;;25;27;9;8.6;0;39180;16002;0;;1;930;230;2018;4;0;1552.337419
14;71429;51.3;2;;12;;1;;0;15264;17135;0;;0;;933;2016;7;6;1392.378168
7;91714;50;2;2.6;20;25.6;2;10.3;2;33695;14794;0;;0;;388;2017;8;4;1834.28
15;77143;57;2;2.7;14;35.9;8;8;0;14302;12140;0;;0;;53;2017;10;4;1353.385965
6;75000;56.8;3;;12;38.6;3;6.5;0;10455;12032;0;;0;;185;2016;3;2;1320.422535
9;57857;38.2;1;;14;;1;;0;33623;14722;0;;1;506;39;2017;12;4;1514.581152
11;72857;43.6;1;2.8;20;16.6;18;13.2;5;41466;11538;0;;0;;40;2018;9;3;1671.03211
10;49143;38;1;2.7;16;18;13;8;0;14730;13526;0;;0;;13;2018;6;1;1293.236842
20;65000;55;2;2.6;9;31.5;7;8;0;33152;11112;2;512;1;684;1066;2015;3;1;1181.818182
3;70000;38;1;3;4;22.5;2;6.5;0;31133;4112;1;117;3;528;61;2018;4;3;1842.105263
11;65000;43;1;;16;19.8;15;9.5;0;32672;13836;0;;0;;35;2017;9;3;1511.627907
9;66429;37;1;2.8;14;18.4;12;8.6;0;13103;14150;1;370;1;412;83;2018;7;5;1795.378378
6;132857;94;3;2.8;25;58;22;12;0;33645;13513;0;;0;;;2018;3;4;1413.37234
1;74303;65.6;3;;16;;10;;0;14489;13285;2;367;3;553;14;2018;11;1;1132.667683
7;92143;62;3;;14;40;8;8;1;15318;13859;1;320;0;;85;2017;6;0;1486.177419
20;95714;58.4;2;2.5;9;46.4;1;12;0;50604;15435;1;440;0;;54;2018;6;5;1638.938356
10;78571;52.1;2;3;4;31.8;1;5.7;0;18396;9927;0;;1;195;;2019;4;4;1508.080614
9;120714;81.2;3;2.7;17;47.1;3;11.3;0;36238;16540;0;;3;485;;2019;2;3;1486.625616
18;92857;70;2;2.7;17;41;6;11;2;32480;11931;1;622;0;;147;2018;11;2;1326.528571
14;41357;31;1;2.5;5;17.1;4;6;1;42394;14897;0;;0;;55;2018;6;1;1334.096774
4;59286;44.2;2;2.6;9;27.6;5;6.7;0;29439;12990;0;;0;;4;2019;1;3;1341.312217
15;64286;42;2;2.5;5;27;5;8;1;38949;12646;2;804;0;;71;2017;10;4;1530.619048
7;71286;56;3;2.5;9;38.5;7;7;2;18997;13063;0;;0;;31;2018;7;5;1272.964286
10;45286;44;2;2.5;5;27;1;6;0;48490;14881;1;569;1;825;122;2017;12;0;1029.227273
20;75000;57.6;3;2.6;9;39.4;4;6.2;5;33547;11856;0;;0;;;2019;4;0;1302.083333
12;75000;70;2;2.6;17;40;1;11;0;32522;11972;1;420;0;;700;2015;2;2;1071.428571
8;75714;60;3;2.6;9;42;8;6;1;16122;11598;0;;0;;265;2017;5;2;1261.9
0;40000;31;1;2.5;5;17;5;5.6;0;19039;15058;2;303;1;115;4;2018;3;1;1290.322581
3;148093;83.7;3;3.3;16;52.2;3;11.8;0;37434;8460;1;441;2;427;;2018;7;2;1769.330944
14;145714;62;2;3.3;4;37;2;7.7;0;25274;3822;0;;1;745;22;2018;2;1;2350.225806
1;428571;168;6;2.7;8;114;7;22;1;20086;3816;1;433;1;401;;2017;8;3;2551.017857
10;55000;46;2;3;3;29;2;5;1;22501;6446;2;308;3;592;80;2016;9;3;1195.652174
0;47143;33;1;2.5;12;;12;;0;47948;16890;0;;0;;45;2018;2;4;1428.575758
6;59286;30.8;1;2.6;17;15.4;3;8.7;0;32968;14132;1;157;1;232;1336;2015;3;3;1924.87013
12;111286;40.8;1;;17;18.8;9;11.7;2;39065;12241;1;192;0;;21;2019;4;2;2727.598039
9;52857;46;2;2.5;5;30.3;1;6.6;0;27390;7524;0;;0;;60;2018;4;4;1149.065217
2;153571;105.4;3;;25;48.7;3;13;5;19752;4192;0;;1;662;90;2018;2;5;1457.030361
6;82857;54;3;2.7;5;37;4;6;1;31471;5515;2;422;0;;15;2018;7;3;1534.388889
13;171429;106;6;2.8;3;70;1;15;0;20290;4733;0;;1;238;;2018;7;0;1617.254717
16;357143;121;2;3.3;7;57.7;6;42.4;0;26875;5578;2;484;1;302;123;2017;7;0;2951.595041
7;71286;62.5;2;2.7;4;32.3;4;12.1;0;20141;4415;1;560;1;171;166;2018;4;3;1140.576
0;45000;32.4;1;;9;18;3;6;0;49544;15325;1;306;1;389;45;2017;9;2;1388.888889
11;91286;111;3;2.6;16;64;7;14;1;18446;21871;0;;2;924;32;2018;11;3;822.3963964
0;55714;45;2;2.5;5;;3;7.5;0;46757;16812;0;;0;;556;2017;3;3;1238.088889
12;65000;53;2;3;5;32;5;8;1;15504;6925;2;552;0;;136;2016;3;4;1226.415094
11;54286;47;2;2.6;9;28.2;9;7;2;33338;10894;2;614;0;;238;2017;7;1;1155.021277
10;57143;41.3;3;2.5;5;29.3;4;5.4;0;11672;13219;0;;1;871;546;2017;8;1;1383.607748
4;314286;160;4;2.8;13;97;10;45;0;30939;7078;1;363;1;249;116;2016;3;3;1964.2875
13;58571;39.7;1;2.6;18;20;14;6.7;1;20838;13188;1;754;1;536;115;2017;5;2;1475.34005
16;78571;43.4;1;3.1;3;20;3;12;0;20921;1238;1;430;3;55;27;2018;8;4;1810.391705
7;52857;45;2;;5;28;5;6;0;11448;10062;0;;0;;14;2017;6;1;1174.6
18;71429;42;1;2.8;17;18;8;;2;30073;10337;0;;0;;423;2017;9;5;1700.690476
14;60000;47.2;2;2.5;9;30;6;6;0;50453;14950;0;;0;;70;2017;8;1;1271.186441
20;92143;55;2;2.6;6;35.1;4;7.4;0;10791;11200;0;;1;890;;2016;8;0;1675.327273
16;72857;38.4;1;;15;;7;;0;18253;14370;0;;0;;60;2017;12;6;1897.317708
15;59286;34.2;1;2.6;12;17.6;5;8.7;2;35869;16170;0;;2;811;79;2018;5;1;1733.508772
4;60746;60.2;2;;;31.8;13;12.1;0;22041;17369;0;;1;374;128;2017;4;5;1009.069767
10;145714;81;3;2.7;23;48;9;11;0;18398;15971;1;536;1;226;104;2017;9;2;1798.938272
0;52371;39;1;;5;16;2;11;1;46919;28018;0;;0;;259;2015;11;0;1342.846154
7;132857;70.8;2;3;5;30.2;4;13.2;0;31133;4112;1;117;3;528;453;2018;2;3;1876.511299
3;151429;106;5;3.4;5;76.3;2;10;0;26301;4876;0;;1;651;637;2015;5;2;1428.575472
12;60000;39;1;;24;19.2;4;9;0;32837;13936;0;;0;;3;2017;11;5;1538.461538
10;72857;56;2;2.5;7;29;5;15;1;39812;9072;1;602;0;;61;2018;9;2;1301.017857
13;79286;38.2;1;2.8;27;17.6;5;10.1;0;33977;15076;0;;0;;;2019;4;0;2075.549738
20;44286;31.2;1;2.6;5;18.3;5;6.4;1;27381;7452;0;;0;;3;2018;8;4;1419.423077
16;68571;55.5;3;2.5;5;41;1;;0;7637;17813;1;303;0;;263;2016;7;3;1235.513514
11;78571;55;2;;17;35;12;10;1;19272;13073;0;;0;;56;2017;4;3;1428.563636
8;58571;43;2;2.5;5;28;3;6.5;0;42413;14916;0;;0;;209;2017;11;3;1362.116279
7;77129;38;1;2.7;18;19.3;4;10.6;2;9354;13149;1;541;1;333;118;2017;10;1;2029.710526
10;74286;50;1;2.7;15;20;15;15;0;17632;15973;1;38;0;;118;2017;8;0;1485.72
9;51429;45;2;2.5;5;31.6;2;5.1;1;17115;16118;1;615;1;809;36;2018;9;2;1142.866667
10;92857;78.9;3;;16;46.6;16;15.1;0;33546;12178;0;;0;;86;2017;9;1;1176.894804
14;60000;38;1;2.7;16;20;2;10;0;16403;11646;0;;1;1219;;2018;12;5;1578.947368
6;184286;100;4;;17;54;16;15;0;37227;15564;0;;0;;27;2018;3;4;1842.86
20;64143;34.8;1;2.5;14;16.7;4;8.4;0;45138;17861;0;;0;;;2016;4;0;1843.189655
20;174286;85.8;3;;14;47;14;16.8;2;11022;12679;0;;0;;13;2018;10;3;2031.305361
3;52000;39;1;;17;20.1;17;8.2;1;33457;14480;0;;1;269;150;2016;5;4;1333.333333
5;50714;37.2;1;2.5;9;;4;;0;13413;12209;0;;1;1175;232;2017;12;2;1363.27957
6;50000;32;1;2.5;5;18.4;2;6.3;0;42618;11440;2;586;0;;285;2018;1;4;1562.5
5;211429;108.7;3;4;5;72.4;5;8;0;23017;2559;1;559;0;;;2019;4;3;1945.068997
0;77302;55.7;3;;13;22.3;11;20.5;0;33626;13495;0;;0;;199;2015;12;1;1388.575534
10;66429;39;1;2.6;12;20;3;10.3;2;16060;16659;1;46;0;;;2018;5;5;1703.307692
4;83571;45;2;;5;25;5;12;0;20170;1261;2;295;3;366;66;2017;10;0;1857.133333
10;99857;56;2;3;5;34.5;4;8.5;0;13547;9532;0;;0;;62;2019;2;3;1783.160714
18;122857;70;2;2.8;18;33;10;10;2;34234;11703;0;;0;;140;2017;9;1;1755.1
2;104286;65.6;3;3.5;5;38;1;10;0;22190;1742;0;;2;130;;2019;3;1;1589.72561
16;72857;44;2;2.6;5;28;2;6;0;44651;10077;2;230;1;808;;2018;4;3;1655.840909
0;88571;41.8;1;;23;18.6;18;7.7;0;43269;13145;1;417;0;;10;2018;7;0;2118.923445
25;371429;290;5;2.8;17;141;16;45;0;30094;5608;0;;1;153;120;2017;11;3;1280.789655
19;111100;76;2;;25;32;16;13;0;33876;14975;0;;0;;140;2017;5;3;1461.842105
10;214286;91;3;3.3;4;43;4;26;0;24015;3847;0;;0;;;2017;4;6;2354.791209
11;77143;56;2;3;5;32.4;1;8.2;0;20137;14939;3;186;1;582;32;2019;2;0;1377.553571
14;47143;32;1;2.5;5;17;5;6;1;15072;10878;0;;1;734;60;2018;2;3;1473.21875
5;84143;62;2;;25;36;3;11;0;10534;12437;1;284;1;653;13;2018;2;1;1357.145161
14;53071;35;1;2.6;17;16;4;11;0;25360;14749;0;;0;;15;2018;8;6;1516.314286
20;471429;191;5;2.8;23;102;4;15;1;30954;8248;0;;2;495;;2018;9;6;2468.21466
7;50000;47;2;2.5;12;;7;;0;36888;10782;0;;1;969;22;2018;3;4;1063.829787
20;124286;98.1;4;;5;71.1;4;;0;21412;7252;0;;1;854;92;2017;4;6;1266.931702
12;62857;33;1;2.5;16;14.6;16;9;0;46110;14726;1;318;0;;70;2018;7;3;1904.757576
12;82857;72.1;3;2.8;3;43.6;3;11;0;22421;3360;2;231;3;73;980;2015;1;1;1149.195562
11;237143;214;7;3.2;5;131;4;14.4;0;24542;4761;2;669;0;;173;2017;5;3;1108.14486
17;53571;46.4;2;2.6;5;30.3;2;5.6;1;16711;15713;0;;2;179;126;2018;2;3;1154.547414
6;460714;374.6;19;;5;264.5;2;27.6;0;19497;3574;0;;2;548;114;2018;6;5;1229.882541
16;72857;35;1;2.8;16;;12;;0;30215;6255;0;;1;113;60;2018;7;6;2081.628571
4;57143;39;1;;24;18;16;11;1;43074;10820;0;;0;;299;2018;1;4;1465.205128
13;80714;63.3;2;2.7;16;37.2;3;10.7;2;33058;14156;0;;1;935;331;2015;8;0;1275.102686
1;53714;42.5;1;;17;19.6;2;12.9;0;43636;9490;0;;0;;45;2016;5;1;1265.347468
7;53571;38;1;2.6;14;21;4;8;0;17125;13000;0;;0;;97;2017;2;1;1409.763158
15;95714;55;2;;25;30;14;10;2;42499;9719;0;;0;;99;2018;6;1;1740.254545
1;56143;37.9;1;;10;17.8;6;8.3;2;14286;15280;0;;1;115;104;2016;4;1;1481.345646
16;111429;69;2;2.8;24;38;20;14;5;36553;14693;0;;0;;312;2018;2;2;1614.913043
13;78571;50.8;2;2.5;9;;4;9.5;1;13582;14398;1;138;1;685;7;2018;12;5;1546.673228
15;118571;112.6;3;;5;68.7;2;11;0;23881;3712;0;;3;636;10;2017;9;1;1053.028419
9;52857;38.8;1;2.7;12;16.3;4;10.3;0;19689;21401;0;;1;750;898;2016;7;1;1362.293814
0;97143;87.3;3;3;4;70.5;4;5.9;0;29281;6653;1;192;1;810;21;2017;12;1;1112.749141
3;93571;80;2;2.8;23;36;20;11;2;34967;14640;0;;1;564;251;2015;11;3;1169.6375
7;57000;36.4;1;2.7;16;16.2;4;9.5;2;32740;13904;1;355;1;460;75;2018;8;2;1565.934066
9;67857;55.8;2;;5;;3;;0;22535;10846;3;371;0;;202;2018;7;0;1216.075269
14;65714;52.7;2;3;5;37.1;2;6.7;0;19547;3816;0;;3;319;187;2017;12;2;1246.944972
10;65714;53;2;2.6;14;30.4;11;8.5;0;32457;12966;0;;0;;67;2017;1;5;1239.886792
19;81786;65;3;2.7;9;46.6;1;6.3;2;36369;10726;0;;0;;;2019;1;3;1258.246154
19;71429;43;1;2.6;17;17.2;4;10.1;1;15114;12702;0;;0;;7;2018;6;1;1661.139535
6;60714;35;1;2.8;24;16;7;;2;13103;14150;1;370;1;412;15;2018;2;0;1734.685714
15;87143;77.6;4;2.5;9;5.4;1;9.8;0;29338;11270;1;584;0;;33;2019;2;3;1122.976804
0;54286;37;1;;12;17;5;8;0;36361;11714;1;699;1;657;;2019;4;3;1467.189189
14;111111;75;2;;35;40.5;23;11.7;0;18732;20444;0;;3;80;169;2017;11;3;1481.48
19;74286;52;1;;16;19.3;11;12;2;20906;15616;2;585;1;138;29;2017;11;6;1428.576923
15;80000;68;3;2.6;9;42.9;1;10;0;;;;;;;181;2018;8;4;1176.470588
5;38571;31;0;;17;21.6;6;;2;41752;15653;0;;1;552;51;2017;10;3;1244.225806
13;111429;82.4;3;2.6;10;49.4;1;11.9;5;15963;16970;0;;0;;539;2017;4;4;1352.293689
7;42857;32;1;2.5;9;13.1;1;9.3;0;48522;16360;0;;0;;301;2015;10;2;1339.28125
7;102143;56.6;2;3;5;37;4;8;1;11027;10659;2;500;0;;24;2018;4;2;1804.646643
8;62714;35.1;1;2.8;16;18.3;14;8.3;1;15706;7734;2;592;1;802;34;2018;3;4;1786.723647
10;105714;53.5;2;;5;26.5;3;10.3;0;26198;5045;1;274;1;449;235;2017;5;0;1975.962617
12;35714;32;1;2.5;4;18;2;6;1;36186;15577;0;;2;528;140;2017;10;3;1116.0625
26;499700;198;5;;5;147;3;16;0;20767;1085;3;542;2;126;90;2017;11;3;2523.737374
0;54286;44.5;1;2.9;5;24.8;1;9.7;0;43922;10704;2;499;0;;27;2018;2;1;1219.910112
3;63571;60;3;2.5;9;43;3;6.5;0;15668;10912;0;;1;951;18;2018;7;4;1059.516667
18;87857;70.2;3;2.7;12;44.7;9;8;0;32586;11660;1;458;0;;63;2018;2;4;1251.524217
0;90714;72;3;;9;49.6;8;8;4;46507;16027;0;;0;;60;2017;9;3;1259.916667
8;86429;54.2;2;2.8;25;30;16;8.8;2;37948;14769;0;;0;;83;2017;1;6;1594.630996
16;54286;45;1;2.6;16;19.3;4;12.6;1;25944;14657;1;409;1;911;52;2017;9;3;1206.355556
1;85143;56;2;2.8;23;32;21;11;0;13099;14311;1;447;1;71;;2019;2;6;1520.410714
17;71286;49.4;1;;16;17.5;3;10.4;0;25108;15940;0;;0;;65;2018;8;5;1443.036437
6;371429;147;3;3;15;63;13;29;5;52388;14849;1;330;0;;30;2017;11;6;2526.727891
5;49714;43;1;2.6;16;18;2;10;2;18446;21871;0;;2;924;15;2019;3;2;1156.139535
11;67143;42;2;2.6;5;26;5;7;1;35278;8922;0;;2;144;;2019;4;6;1598.642857
16;142286;78;2;2.5;11;40;3;12;1;36520;12041;1;718;0;;174;2018;4;2;1824.179487
17;116429;80;2;27;36;41;13;12;5;18732;20444;0;;3;80;38;2019;1;2;1455.3625
6;232143;210.4;7;2.6;16;159.2;15;15.4;0;21137;22849;0;;2;348;;2019;4;0;1103.341255
0;69286;41.8;1;;16;21.7;8;10.6;0;30153;11285;1;485;1;405;763;2016;3;5;1657.559809
11;83557;56;2;2.7;12;33;9;11;0;33458;12386;1;531;2;440;;2019;3;4;1492.089286
8;113571;55;2;2.8;19;;5;;2;18490;17492;0;;2;113;10;2019;3;4;2064.927273
4;77143;88.7;4;;5;65;1;9;0;20810;4755;1;236;3;134;75;2017;10;3;869.7068771
3;88571;53.4;2;2.5;16;29.3;16;7;5;50740;13214;1;274;1;966;;2019;5;2;1658.632959
15;207143;92.2;3;2.7;12;55;7;12;0;34170;14039;0;;0;;;2019;4;1;2246.670282
1;85429;52;2;2.5;12;33;7;7.5;1;20713;6031;1;468;2;281;70;2018;7;2;1642.865385
10;75714;43.7;1;2.8;16;21.1;13;11.5;0;11924;10475;0;;1;338;37;2018;7;3;1732.585812
10;98429;83.4;2;2.7;16;44.8;7;15.3;1;36897;10647;1;183;0;;10;2018;11;2;1180.203837
8;55571;35;1;2.7;17;16;4;10.7;1;36132;12403;1;474;2;526;942;2015;7;0;1587.742857
17;364286;174;4;3;15;76;14;31;0;50349;13109;2;325;1;643;217;2017;4;0;2093.597701
7;211143;77.1;2;;4;33.9;4;15.8;0;18617;17465;1;1767;3;111;170;2018;10;3;2738.560311
11;58571;50;2;2.5;5;29.6;5;6;0;21519;23231;0;;1;453;60;2018;2;0;1171.42
9;131429;75.7;3;3;5;59;5;9.7;1;12353;10110;1;85;3;140;624;2016;6;1;1736.182299
12;60714;38;1;;10;17;3;10.9;0;28284;12106;1;641;1;67;17;2017;9;4;1597.736842
9;114286;92;3;3.4;5;52.7;4;11.5;0;23486;3027;0;;0;;;2019;4;0;1242.23913
16;109857;69;3;2.5;10;43.1;1;8.3;2;36592;12113;0;;0;;100;2018;2;3;1592.130435
20;205714;95.3;3;2.8;25;38.3;11;33.9;2;36533;9289;1;674;0;;;2019;4;1;2158.593914
19;79929;58.6;3;2.5;9;40.5;5;;0;9528;11647;2;483;0;;391;2016;5;2;1363.976109
11;95000;60.2;2;;12;30.5;3;;0;36436;9265;2;598;3;398;49;2016;5;0;1578.07309
11;71429;46.2;2;2.5;9;28.6;5;7.2;0;51029;15041;0;;0;;94;2017;9;1;1546.082251
12;74286;39.8;1;2.8;10;17.4;5;16;1;39892;15176;0;;0;;115;2017;5;0;1866.482412
20;414286;108.7;3;3;15;55.7;14;24.7;1;33175;4714;1;194;0;;;2018;8;0;3811.278749
6;70000;75;3;;25;45;1;13;0;34155;15319;0;;0;;97;2017;11;2;933.3333333
3;225729;118;4;;17;67.5;16;21.5;0;17441;8092;0;;0;;152;2017;9;3;1912.957627
1;55714;59;3;2.6;7;43;1;6;0;36542;9234;2;270;0;;120;2016;3;6;944.3050847
20;78429;67.8;2;2.7;10;37.1;2;13.1;0;17674;16470;1;398;2;563;41;2017;10;2;1156.769912
12;47143;49;4;;5;37.5;4;;0;23777;18347;1;346;0;;13;2017;9;2;962.1020408
15;121714;64;2;2.8;18;33;2;11;0;18039;4352;0;;0;;420;2017;12;2;1901.78125
12;64271;55;2;3.4;3;;2;;0;18039;17041;1;578;1;1056;45;2018;2;0;1168.563636
14;71429;56.3;2;2.6;16;31.3;9;10;2;18750;22175;0;;1;649;459;2016;10;2;1268.721137
10;85000;56;3;;8;32.1;3;8.5;0;32139;9217;0;;2;303;;2019;3;1;1517.857143
1;107143;91.5;3;3;5;63.8;1;11.3;0;19046;3538;0;;3;550;582;2015;3;1;1170.961749
10;92857;67.7;3;2.6;9;43.3;4;8.4;0;27832;9567;0;;2;522;171;2017;5;3;1371.595273
20;71286;44.6;1;2.9;16;20;13;8;2;12642;10335;0;;1;293;48;2018;12;1;1598.340807
14;57143;32.6;1;2.6;22;17.9;22;6.4;0;10000;11590;1;613;0;;37;2017;10;5;1752.852761
20;96429;68.2;3;2.7;5;40.6;4;7.5;0;19155;10687;0;;1;564;132;2018;12;3;1413.914956
1;87143;68.8;3;2.7;12;46;10;7.8;0;13711;12507;0;;0;;432;2016;2;4;1266.613372
2;52143;35;0;;25;23.4;25;;0;43431;12188;0;;0;;100;2018;2;3;1489.8
6;60714;45.1;2;2.5;5;25.1;4;6.2;0;36900;11215;1;688;0;;103;2016;6;0;1346.208426
15;88500;56;2;;14;34;10;8.3;0;41424;10304;1;288;0;;919;2015;4;6;1580.357143
10;112143;66.5;2;;15;40;9;10.4;0;27573;9436;1;714;0;;335;2018;4;2;1686.360902
18;71429;36;1;2.8;26;16;12;10;2;49058;14883;1;265;1;572;12;2019;4;6;1984.138889
6;67143;42;2;2.5;5;28.2;5;5;0;42720;8778;1;650;0;;;2019;3;2;1598.642857
11;58571;41;1;;16;18;11;10;1;28471;14189;0;;1;711;134;2017;6;4;1428.560976
2;142855;65;2;3;18;31;3;;0;22875;9238;1;124;1;507;;2018;12;6;2197.769231
11;120286;50;2;3.2;5;28.9;3;9.1;0;22435;3084;2;742;1;69;;2019;4;4;2405.72
12;73857;69;3;2.6;6;32;1;8.5;2;34313;15357;1;261;3;215;68;2017;9;5;1070.391304
12;117143;97;3;;19;51;6;13.7;0;30394;11526;1;532;1;896;12;2018;2;3;1207.659794
24;270000;131;3;;22;78.6;21;18.1;2;40375;12078;2;114;0;;352;2016;10;4;2061.068702
7;129600;64.8;2;;9;34.4;2;13.8;0;31428;5109;1;650;0;;606;2017;1;3;2000
9;48143;30;1;;4;20;1;7;0;19111;3558;0;;2;443;130;2017;4;1;1604.766667
7;92843;38;1;;22;20;18;11;2;11819;13265;0;;0;;;2018;9;2;2443.236842
7;71286;44;1;2.7;25;15.5;11;12.3;1;35257;14772;0;;1;865;460;2016;9;3;1620.136364
7;111429;78.4;3;;16;46.5;15;14.8;2;33546;12178;0;;0;;38;2017;11;4;1421.288265
4;126429;66.4;3;4;4;49;4;9;0;24326;4589;0;;1;446;;2018;2;3;1904.051205
6;78571;58.9;2;;25;32;12;11.5;1;21928;17501;0;;1;390;23;2018;7;3;1333.972835
19;59286;38.8;1;2.7;16;20;11;10.7;1;28530;14249;0;;1;623;30;2017;7;1;1527.989691
8;50000;35.4;1;;5;10.4;2;14.3;0;47039;25599;1;126;1;979;33;2018;10;5;1414.027149
4;52143;37.3;1;;12;17.7;2;10.1;1;39180;16002;0;;1;930;106;2017;10;6;1396.812215
20;207143;108.6;3;3.1;6;55.2;3;24.3;0;39813;15097;0;;1;993;27;2018;12;1;1907.394107
13;75000;57;2;2.8;25;33;3;12;0;7106;13322;1;1188;0;;136;2017;7;4;1315.789474
7;49786;33.4;1;;25;;20;;0;18488;15945;0;;0;;39;2017;12;4;1490.598802
7;87143;53.9;2;2.8;19;30.5;18;13;2;35129;16293;0;;1;475;22;2018;7;1;1616.753247
8;246429;102.4;3;;8;53.2;3;19.3;1;39393;11096;1;537;0;;;2014;12;1;2406.533203
1;73571;50;2;3.1;4;28.5;3;8.5;0;31662;4986;2;215;2;819;122;2016;7;5;1471.42
19;271429;82;3;;5;56;3;9;4;31900;4080;1;708;2;433;9;2017;9;5;3310.109756
14;62143;37;1;2.5;17;16;5;11;0;36080;12409;1;391;2;442;;2019;1;2;1679.540541
18;78571;65.6;3;2.7;12;42.1;6;10.5;0;19015;20727;0;;2;290;313;2017;6;3;1197.728659
9;164286;93.4;3;2.8;12;50;3;18.8;0;52108;16333;0;;1;746;147;2018;2;3;1758.950749
12;60000;49;2;2.5;9;27;4;6;1;18582;10113;0;;1;111;81;2018;3;3;1224.489796
1;134286;99.1;2;2.7;4;54.7;4;26;0;21871;3136;0;;1;696;163;2016;1;6;1355.055499
17;171429;92;3;2.8;19;51;6;16.9;1;44289;13868;1;194;0;;241;2017;2;0;1863.358696
19;118571;69.4;3;;5;41.8;4;11.5;0;20112;4386;1;592;1;238;;2018;9;4;1708.51585
20;100000;75;3;2.7;12;44.1;5;7.5;0;35340;11371;0;;0;;400;2017;5;3;1333.333333
3;231102;122.7;3;3;19;45.9;4;10.2;0;18748;4341;0;;0;;1175;2015;12;0;1883.471883
1;88571;55;2;3;6;32.2;2;8.4;0;16245;7776;0;;0;;47;2017;12;5;1610.381818
16;80000;35.3;1;;23;22.3;9;10;2;19499;4844;0;;1;503;13;2017;8;5;2266.288952
12;64143;38.7;1;2.6;16;20.2;8;7.5;2;11957;12501;0;;0;;168;2018;4;5;1657.44186
11;82857;57.1;3;;10;38.9;1;6.2;0;10596;13971;0;;0;;650;2017;5;3;1451.085814
18;91429;54;1;3;23;22.6;16;14;1;34967;14640;0;;1;564;;2019;2;3;1693.12963
2;111429;75.8;3;;6;51.3;2;9.1;0;16477;7306;0;;0;;346;2015;8;5;1470.039578
4;40714;32;1;;9;18;2;6;0;49480;15305;1;808;1;774;131;2017;11;1;1272.3125
15;54286;44.3;2;2.5;5;28.6;5;6.9;0;42318;11141;1;562;0;;314;2017;12;2;1225.417607
20;78429;33;1;2.6;11;17;6;10;0;10696;15086;0;;0;;61;2019;2;0;2376.636364
3;52143;41;1;2.8;18;19;14;11;0;18428;16134;1;739;1;758;17;2017;10;5;1271.780488
1;52677;38.8;1;;4;;1;7.4;0;45790;21722;0;;1;562;71;2018;7;0;1357.654639
0;50714;46;2;2.5;5;30;2;6;0;36251;9932;1;351;0;;45;2016;5;1;1102.478261
14;56714;39.7;1;;19;14.8;1;14.3;0;32525;8665;0;;1;176;24;2018;9;4;1428.564232
18;328571;132.4;3;2.8;17;71;8;19;0;12405;8376;1;1114;3;950;15;2018;8;0;2481.654079
10;100000;67.6;3;4;5;44.1;2;9;0;19800;3510;1;94;1;298;;2019;4;1;1479.289941
19;79286;54.9;2;2.5;14;33.8;11;7.4;1;31739;8817;3;237;1;294;;2019;4;5;1444.189435
18;52857;33.9;1;2.5;9;18.6;2;8.4;0;16949;12995;0;;0;;503;2016;11;1;1559.20354
4;52957;34;1;;16;;15;;0;43642;9496;0;;0;;43;2018;4;6;1557.558824
10;137143;78;2;;3;36;1;15;0;37860;11432;1;223;1;294;447;2017;9;2;1758.24359
10;64286;54;2;;16;27;3;10;0;32181;11312;1;315;0;;241;2015;10;0;1190.481481
6;71286;38;1;2.5;5;10;2;10;1;40535;9795;1;1312;0;;152;2017;8;0;1875.947368
9;108571;68;2;2.8;4;39.1;4;13;0;36513;12223;1;501;1;511;92;2017;10;0;1596.632353
14;67857;55;3;2.6;5;39.4;1;5.3;0;20648;15255;1;467;0;;146;2018;6;5;1233.763636
6;45714;32.3;1;2.5;9;17.8;8;6.2;0;37652;10124;0;;0;;71;2018;8;5;1415.294118
15;92857;55;1;2.8;16;25;12;12;0;33827;12489;0;;0;;92;2018;10;3;1688.309091
19;141429;84;3;2.9;5;63;3;10;0;20427;4782;1;460;2;451;490;2017;7;5;1683.678571
15;63571;43;2;;5;25;4;8.4;0;19563;3318;0;;3;326;32;2017;8;5;1478.395349
9;60714;45;2;2.6;5;29;1;7;0;15063;13604;1;870;1;720;342;2018;2;3;1349.2
17;60000;39;1;2.6;14;20;13;8;0;35626;15928;1;1097;3;507;;2019;2;1;1538.461538
17;257143;110;3;3;14;49.6;8;42.8;1;42312;14015;1;563;0;;154;2017;7;1;2337.663636
10;40000;32.6;1;2.5;9;18;3;6.3;0;51586;16829;0;;0;;30;2017;10;0;1226.993865
8;57143;60;2;;5;27;3;19;1;21912;3611;0;;3;480;249;2016;4;2;952.3833333
18;132857;47.8;1;;10;14.9;8;17.1;0;39286;12462;1;23;0;;182;2017;10;0;2779.435146
2;142857;100;2;3;14;32;13;41;0;31856;8098;2;112;1;48;121;2018;6;1;1428.57
18;72857;40.4;1;3.2;5;11;5;19.9;0;24538;4944;1;181;0;;17;2018;10;5;1803.391089
18;214286;89.3;4;3;7;63.1;2;10;0;25474;4322;1;379;3;616;;2018;10;4;2399.619261
13;48571;42.8;2;;5;27.5;1;5.8;0;39812;9072;2;378;0;;81;2016;4;1;1134.836449
8;79857;61.9;3;2.5;12;42.2;9;7.1;2;50353;16055;1;697;0;;176;2017;5;3;1290.096931
14;70000;36.3;1;2.5;12;19;10;8;1;51848;13846;0;;1;651;;2018;4;3;1928.374656
11;64286;41;1;2.7;10;19;5;11;0;13858;15902;1;680;0;;33;2018;10;3;1567.95122
2;255000;133;3;2.9;9;72;4;17.7;1;24796;3371;3;528;2;383;182;2018;2;3;1917.293233
8;54857;38;1;2.7;17;20;4;10.2;0;10823;14782;0;;0;;181;2016;1;4;1443.605263
20;82986;52.5;2;2.7;12;30;8;8.1;0;35884;12255;1;106;1;224;;2019;4;4;1580.685714
16;92857;51.8;2;3.5;6;25.6;2;7.3;1;20502;3618;2;533;1;812;163;2018;8;2;1792.606178
13;52857;55;3;;5;35.2;1;7.1;0;47854;20648;0;;0;;507;2015;10;4;961.0363636
10;91939;40.4;1;2.7;19;;3;9.8;0;19499;4844;0;;1;503;764;2016;7;2;2275.717822
2;52143;36;1;;14;18;11;7;2;26255;14027;0;;0;;203;2017;6;0;1448.416667
7;60714;44;2;2.6;7;26.2;6;6;1;41210;11393;3;597;0;;5;2018;11;6;1379.863636
9;60000;38;1;2.5;7;22;3;8;0;32884;13732;0;;1;668;158;2018;6;2;1578.947368
7;135714;100;4;3;5;76;5;10;0;25950;4798;1;690;0;;1497;2015;2;3;1357.14
6;85571;70;3;2.7;9;42.1;1;12.5;0;51048;16376;0;;1;1079;115;2018;9;1;1222.442857
8;90000;70.4;3;;12;42.3;3;11.2;1;38622;14116;0;;0;;3;2017;9;6;1278.409091
8;56714;49;1;;25;19.5;3;14.5;1;54337;18830;0;;1;649;119;2017;2;0;1157.428571
20;185714;108;3;2.7;16;51;8;25;0;18863;16028;1;482;2;755;;2019;3;3;1719.574074
9;122571;94;4;2.8;6;61.4;2;10.4;0;22562;3828;0;;1;627;52;2017;11;3;1303.946809
2;70000;48;2;2.5;9;29;6;8.9;0;46489;16009;0;;0;;404;2017;11;2;1458.333333
11;55714;40;1;;9;18;8;10;2;17863;16865;1;315;1;860;111;2018;10;4;1392.85
20;58571;38.7;1;2.7;17;19.9;3;8.1;0;33457;14480;0;;1;269;29;2018;11;3;1513.462532
12;76143;48;2;;24;26.1;12;8.7;1;15297;13279;0;;1;1112;206;2016;4;3;1586.3125
9;74286;51.4;2;2.7;16;29;12;10.2;2;37131;11228;1;674;1;705;97;2016;6;1;1445.252918
15;55714;36.1;1;;12;21.3;6;6.7;0;17164;12803;0;;0;;359;2018;2;1;1543.3241
7;124286;116;5;2.6;9;69.8;8;10.6;0;13772;13667;1;238;1;272;211;2016;3;4;1071.431034
8;207143;162.4;5;3.4;5;118.9;5;13.6;0;26791;5493;1;349;0;;413;2016;3;2;1275.511084
9;85714;63.7;2;;10;34.1;1;11.4;0;35979;16280;0;;0;;846;2016;1;2;1345.588697
19;92857;88;3;;19;46;5;10;1;37636;14479;0;;1;1127;16;2017;11;4;1055.193182
8;52857;30.4;1;2.7;5;15.7;1;6.6;0;31773;4701;2;112;1;899;67;2018;6;3;1738.717105
11;117143;75;3;2.9;5;52.2;3;9;0;13638;8517;0;;0;;;2019;3;6;1561.906667
4;67857;50.4;2;2.6;9;31.4;5;8.3;1;31809;11789;0;;0;;51;2018;3;1;1346.369048
8;73571;55.4;3;;5;40.4;3;5;0;29535;8382;2;519;0;;50;2019;1;2;1327.99639
11;121429;62.2;2;3;20;35.7;2;19.9;0;39771;8672;1;139;0;;20;2018;10;1;1952.234727
3;82857;61;2;2.8;23;27.5;2;13;2;11405;13222;0;;1;623;39;2017;9;1;1358.311475
7;62857;39;1;2.7;25;18.4;21;9.5;2;30073;10337;0;;0;;4;2018;6;4;1611.717949
8;171429;110;4;3.3;5;64;5;10;0;22468;1308;0;;3;382;109;2016;6;4;1558.445455
13;85714;47;2;3;5;27;4;9;1;36474;9167;2;238;0;;157;2018;3;4;1823.702128
20;82714;48;2;2.6;8;27;3;8;1;31775;4322;1;414;3;363;53;2017;8;4;1723.208333
10;58571;37;1;;9;19;1;6;0;11350;14929;1;233;1;273;131;2016;4;0;1583
14;64286;38.1;1;;25;14.6;23;;0;30073;10337;0;;0;;32;2016;5;1;1687.296588
7;67857;41;1;;10;19;5;11;0;51663;16965;0;;0;;698;2016;12;0;1655.04878
11;45714;32.2;1;2.6;12;17.3;6;7;1;32702;12243;0;;0;;201;2017;4;6;1419.689441
20;114000;65.6;2;2.6;7;38.4;1;13;0;33328;13713;0;;2;95;311;2017;6;0;1737.804878
17;111429;70.8;3;3;4;47.2;4;7.6;0;32077;9155;0;;1;1236;142;2018;1;3;1573.855932
10;141429;88.2;3;2.8;16;51.6;8;14.2;1;33557;14656;0;;1;540;18;2017;4;4;1603.503401
6;48571;32;1;2.7;16;15;1;6;0;14809;13606;0;;0;;162;2018;6;5;1517.84375
8;48571;35;1;;23;14.7;23;8.7;2;21928;17501;0;;1;390;108;2018;9;4;1387.742857
6;360000;157.4;3;;5;;5;40.3;0;36779;14931;0;;0;;69;2019;1;3;2287.166455
11;102143;51.4;2;;11;31;3;8.4;0;35294;10352;1;434;1;502;;2019;3;5;1987.217899
9;62714;38.1;1;;25;;7;;0;17580;15048;2;468;0;;39;2018;2;3;1646.036745
9;80000;59;3;2.6;9;40;5;7;2;16660;15200;0;;0;;47;2018;7;2;1355.932203
11;149857;93.6;3;2.8;25;54.9;23;12.1;1;33804;13672;0;;0;;;2018;11;3;1601.036325
10;56857;39;1;2.6;17;18;4;13;0;20895;16582;0;;2;330;7;2018;11;3;1457.871795
24;100000;57.8;2;2.7;24;32;22;11.5;2;13103;14150;1;370;1;412;27;2017;11;5;1730.103806
11;61429;42;1;;16;24.2;14;9.1;2;18551;21976;0;;0;;63;2018;3;4;1462.595238
5;53571;33;1;2.6;16;16.5;15;8.1;1;29066;13365;0;;0;;219;2017;8;1;1623.363636
6;54643;36;1;;19;;17;10.4;0;35662;16699;0;;1;78;45;2018;3;4;1517.861111
19;171414;134;5;3.2;6;95;2;30;1;24943;5511;0;;0;;339;2016;3;3;1279.208955
15;109286;54;2;;16;30;6;8.5;0;10958;13427;0;;0;;84;2016;5;0;2023.814815
6;121429;85.5;4;;4;58;1;10;0;22101;650;2;129;3;266;521;2015;7;2;1420.222222
0;67143;65;3;2.5;9;37.6;5;10;1;12745;15336;0;;0;;32;2017;4;4;1032.969231
7;238571;105.5;3;3.5;7;75.1;7;9.1;0;24705;5321;2;489;0;;139;2018;7;1;2261.336493
9;227857;90.4;2;3.1;7;40;7;12.8;4;52288;14749;2;287;0;;81;2018;9;2;2520.542035
10;101429;60;2;2.6;10;34.9;8;10.5;0;51236;14282;0;;0;;30;2018;3;5;1690.483333
3;67143;55.2;1;;;18.4;7;15.4;0;35234;14674;0;;1;844;15;2016;6;3;1216.358696
20;58414;59.3;2;2.7;4;30.7;2;10.7;1;39631;18686;0;;2;760;103;2017;12;5;985.0590219
6;56429;42.1;1;2.7;13;18.6;1;9.5;0;15395;13936;2;736;0;;157;2017;12;2;1340.356295
12;114286;64;2;2.8;10;37.2;5;;2;23639;5164;0;;1;756;60;2018;8;2;1785.71875
12;132857;112.2;3;3.2;5;84.5;5;11.8;0;24085;4653;2;476;0;;6;2018;9;1;1184.108734
3;260094;139.5;4;3.3;16;82.6;9;13.8;0;37434;8460;1;441;2;427;;2018;7;2;1864.473118
14;124286;60.1;2;2.7;6;31.2;4;11.3;1;26178;5026;1;428;1;407;55;2017;10;3;2067.986689
5;88571;43.4;1;3.1;17;22.4;2;13;0;9273;11391;1;531;1;935;74;2017;12;4;2040.806452
11;171429;103.4;3;3.3;4;61.1;3;10.2;1;20821;1283;1;287;2;29;201;2017;9;1;1657.920696
18;132000;80;3;3.1;7;54.4;2;7.3;0;28079;7018;1;505;1;834;;2019;4;1;1650
18;64286;34.5;1;;25;;7;;0;43074;10820;0;;0;;60;2018;8;3;1863.362319
6;54286;38;1;;6;15;3;10;0;13753;8521;0;;0;;45;2016;5;3;1428.578947
6;161714;86.5;1;;19;53.7;10;15.6;2;19499;4844;0;;1;503;90;2018;8;0;1869.526012
4;104357;63.7;2;;24;;24;10.6;2;43422;12179;0;;0;;102;2018;8;4;1638.51468
9;57143;32.7;1;;24;16.7;15;12;0;37625;14153;0;;0;;56;2018;11;5;1747.492355
5;65000;42.4;1;2.6;10;19.4;8;11.9;0;32888;12944;0;;0;;399;2015;7;6;1533.018868
8;64286;53;2;;5;33;2;7.5;0;17825;16891;1;226;1;865;45;2017;6;4;1212.943396
5;201429;58;1;;12;19.7;3;22.9;0;32977;6480;0;;3;215;208;2016;3;2;3472.913793
10;107143;65.9;2;2.8;24;38.5;16;13;0;33665;14764;0;;0;;84;2017;12;4;1625.842185
11;85714;72.2;3;2.5;9;46;1;7.9;0;32595;11670;1;448;0;;;2018;5;0;1187.174515
9;52143;31.2;1;2.5;9;15.5;2;8.2;0;44422;14001;1;24;0;;814;2016;6;6;1671.25
8;57143;38;1;2.7;12;17;11;9;2;32263;12010;0;;0;;141;2017;7;0;1503.763158
18;253621;93.4;3;3;7;51.7;6;14.2;0;39946;10720;1;2102;3;303;298;2018;1;0;2715.428266
12;56429;38.2;1;2.5;12;17.3;4;9.7;0;51425;14437;1;651;0;;4;2018;2;3;1479.134993
14;47143;37.1;1;;10;16.1;10;8.4;2;21003;15446;2;679;1;113;28;2017;9;2;1270.700809
9;54857;46.2;2;2.4;9;28.5;4;7.1;0;16165;16073;0;;2;432;83;2018;1;1;1187.380952
5;54286;48.7;4;2.6;5;37.1;2;5.2;0;10043;12282;0;;0;;120;2018;3;5;1114.702259
2;63357;40.1;1;;25;20;15;10.2;0;17520;16316;0;;1;104;322;2017;4;2;1579.581152
17;150000;69;2;2.7;9;33;4;15;0;27370;6072;1;763;3;587;910;2016;3;2;2173.913043
19;72714;40;1;;25;17;16;10;0;7026;13242;1;842;0;;60;2017;12;6;1817.85
17;76714;54.3;2;;23;29.2;13;9.2;2;43074;10820;0;;0;;19;2017;8;6;1411.740891
6;84571;52.2;2;2.6;17;31.4;7;8.6;1;22549;13164;1;522;0;;;2019;3;4;1620.1341
10;75714;58;3;;9;34;4;6;0;14798;13339;0;;0;;28;2018;6;0;1305.413793
16;99857;54;2;;22;28;2;12;1;35935;9508;0;;1;136;51;2018;8;2;1849.203704
16;71143;57.9;3;2.5;9;39.4;7;6.2;0;49278;15103;1;324;1;339;128;2018;8;3;1228.721934
6;235111;103.9;3;3;17;58.4;12;15.9;0;39140;10364;2;173;3;196;549;2017;4;1;2262.858518
11;69286;59.9;3;;9;43.2;7;6.2;2;15197;10946;0;;1;134;60;2017;8;2;1156.694491
15;85286;69;2;2.8;27;37;3;13.5;2;22308;24049;0;;2;423;78;2018;8;0;1236.028986
11;105000;64.3;2;;16;36.6;8;10.6;1;27908;11973;0;;0;;696;2016;9;2;1632.970451
0;82857;73.1;2;2.8;5;51.2;1;8.1;0;19162;3167;0;;3;332;253;2016;3;0;1133.474692
13;92143;44;1;2.8;10;;10;;0;36765;11777;0;;0;;60;2018;3;3;2094.159091
15;45686;36;1;;12;17.4;12;8;2;31873;11640;1;608;0;;543;2016;2;4;1269.055556
8;52143;35.7;1;2.6;12;18.5;9;10.4;0;41522;12331;2;371;0;;32;2019;3;1;1460.997478
20;180000;92;3;2.8;12;50;11;15;2;40855;12558;2;167;0;;115;2017;4;4;1956.521739
6;53571;37;1;;9;18;3;8.3;0;35599;12513;1;346;1;417;140;2018;6;4;1447.864865
20;168500;136;6;3;2;94;2;11;1;16510;6582;1;526;0;;;2017;9;4;1238.970588
8;61571;31.5;1;2.8;25;;5;10;2;35134;16298;0;;1;674;28;2019;3;6;1955.876747
9;135714;95;3;;21;;13;;0;21460;16788;0;;1;170;60;2017;12;4;1428.568421
9;72857;57.8;3;2.7;9;39.2;2;6.2;5;51221;14513;0;;0;;31;2018;11;6;1260.50173
6;92143;54;2;2.5;5;34;3;6.5;0;22083;14275;1;515;2;318;29;2019;3;2;1706.351852
9;92857;77.1;4;;9;54.8;6;10;0;27853;11676;2;300;1;953;21;2018;8;2;1204.370947
20;94643;41.1;1;;16;17.5;12;9.2;2;18948;4297;0;;1;955;19;2017;8;6;2302.749392
20;354286;231.2;6;3.1;5;99.8;4;27.4;0;21480;2453;3;75;1;795;;2015;1;2;1532.378893
18;134000;127.4;5;3.6;6;82;4;19.5;1;31372;3541;1;185;3;549;160;2017;6;6;1051.805338
3;47000;33;1;2.6;16;14;3;8;0;13943;12739;0;;0;;15;2018;2;6;1424.242424
8;57000;44;2;2.6;11;27;4;6.5;0;14762;10568;0;;1;935;596;2015;7;1;1295.454545
11;68214;47.9;2;2.7;9;24;8;10.2;0;15390;14186;1;1501;2;191;70;2018;11;0;1424.091858
20;59286;41.3;3;2.5;5;30.8;5;5.5;0;13202;9912;1;460;1;246;20;2018;9;4;1435.496368
7;185714;108.4;3;2.9;25;90;15;10.2;1;51299;14592;0;;0;;865;2015;6;1;1713.228782
10;64143;47.8;2;2.6;12;31;8;8.1;1;17075;16077;1;643;1;747;;2019;3;2;1341.903766
13;167857;95.8;3;;12;51.3;3;12.1;0;39946;10720;1;2102;3;303;144;2017;10;1;1752.160752
6;93571;35;1;;5;14;3;10;0;20790;3155;3;420;1;952;30;2019;3;2;2673.457143
0;63571;48.1;2;2.5;9;29;3;5.7;2;14846;8135;0;;0;;5;2017;11;4;1321.642412
3;55571;46;2;2.7;9;30;5;7.7;0;17665;16668;1;74;2;788;664;2016;4;2;1208.065217
10;58429;45.8;2;2.7;9;29.7;2;7.8;0;15892;14433;1;535;0;;35;2017;2;4;1275.742358
20;115714;47.4;1;3;4;26;3;13;0;38872;13769;0;;1;690;67;2018;7;1;2441.223629
6;469915;364.7;7;3.3;3;;1;;5;;;;;;;;2019;5;3;1288.497395
11;131429;98;3;2.8;13;53.4;1;12;0;14482;15254;1;602;0;;420;2017;1;3;1341.112245
20;52143;33.2;1;2.5;7;16.2;3;7;1;10147;11481;1;761;1;299;11;2018;6;1;1570.572289
0;112857;69;2;2.7;12;37;8;11;2;34939;10841;0;;3;616;7;2016;6;3;1635.608696
15;465000;84;2;3;11;;2;;0;25754;5961;3;125;0;;;2019;3;2;5535.714286
7;72843;47;2;2.6;9;30;3;8.3;1;15910;11015;1;228;1;620;350;2016;2;4;1549.851064
6;145714;66.5;3;2.7;5;51.7;3;5.3;0;23823;4391;1;385;0;;245;2018;7;1;2191.18797
1;174080;95.2;3;3.1;16;51.1;12;12.6;0;37434;8460;1;441;2;427;445;2018;1;0;1828.571429
18;107143;75.2;3;3;5;48.8;1;10.4;0;23039;10445;1;339;0;;;2018;11;0;1424.773936
14;78571;58.2;3;2.6;9;37.2;8;6.9;1;34589;12622;0;;0;;106;2018;7;6;1350.017182
1;98571;80;3;2.6;12;46;10;15;1;20498;22210;0;;0;;18;2018;7;6;1232.1375
16;70000;51.2;2;2.5;12;32.8;6;6.9;1;51504;14919;0;;0;;149;2018;10;1;1367.1875
19;128571;57.5;2;;22;32.5;10;10.6;0;43269;13145;1;417;0;;10;2019;3;0;2236.017391
10;64286;39;1;;26;17;7;9;0;42742;9760;0;;0;;180;2018;4;0;1648.358974
17;59286;46.6;2;2.5;5;30.4;5;5.6;2;40179;12683;0;;0;;11;2019;4;0;1272.23176
3;125714;72;3;3;7;;6;;0;11891;9647;1;544;3;585;200;2017;5;4;1746.027778
11;184286;146.5;3;2.9;5;95.2;5;20.9;0;22519;4010;0;;1;828;258;2017;3;2;1257.924915
2;99857;75;3;3;5;51.1;2;8.5;0;26737;8593;1;547;0;;13;2017;9;2;1331.426667
13;44286;32;1;;4;19;2;5;0;;;;;;;3;2019;3;4;1383.9375
3;113602;68.6;2;2.7;10;35.8;4;10.7;0;23639;5164;0;;1;756;1018;2015;2;0;1656.005831
10;120700;77.4;2;3;16;40.1;3;15.4;5;37434;8460;1;441;2;427;3;2017;7;0;1559.431525
18;79143;60.8;3;2.5;5;42.2;3;7;1;47596;16538;0;;0;;;2019;3;3;1301.694079
9;285714;145;3;3;24;66.4;20;14.5;0;30784;6662;1;137;1;279;388;2016;7;0;1970.441379
9;37857;31.3;1;2.5;5;17.4;2;5.7;0;22730;17300;0;;1;303;43;2018;9;2;1209.488818
9;74286;57.1;3;2.5;9;49.1;3;6.4;1;49686;15391;0;;0;;146;2018;2;0;1300.980736
15;58571;37.6;1;2.7;17;14.4;3;9.7;1;14741;12665;0;;0;;207;2017;11;0;1557.739362
7;50000;37;1;;9;20.5;5;6.5;1;15027;13568;0;;1;837;34;2017;5;4;1351.351351
12;77143;43;1;;18;18;12;10;0;45596;14296;1;401;0;;57;2017;11;0;1794.023256
10;112857;76;3;2.8;25;48;4;10;1;28959;10890;1;212;0;;10;2018;1;5;1484.960526
